{
  "project_info": {
    "project_number": "920816802118",
    "project_id": "inclass11-e6349",
    "storage_bucket": "inclass11-e6349.appspot.com"
  },
  "client": [
    {
      "client_info": {
        "mobilesdk_app_id": "1:920816802118:android:953de9848b964110686d47",
        "android_client_info": {
          "package_name": "edu.uncc.inclass11"
        }
      },
      "oauth_client": [
        {
          "client_id": "920816802118-j16rfpa3ov8otp6hm8454p66qj3otg2j.apps.googleusercontent.com",
          "client_type": 3
        }
      ],
      "api_key": [
        {
          "current_key": "AIzaSyDREft0_iGV2oFXdaUl6dHz34F7Abmg4bM"
        }
      ],
      "services": {
        "appinvite_service": {
          "other_platform_oauth_client": [
            {
              "client_id": "920816802118-j16rfpa3ov8otp6hm8454p66qj3otg2j.apps.googleusercontent.com",
              "client_type": 3
            }
          ]
        }
      }
    }
  ],
  "configuration_version": "1"
}