{
  "project_info": {
    "project_number": "1038284640170",
    "project_id": "hw07-bbbc5",
    "storage_bucket": "hw07-bbbc5.appspot.com"
  },
  "client": [
    {
      "client_info": {
        "mobilesdk_app_id": "1:1038284640170:android:d2c42bc0bba84f3b0da5d3",
        "android_client_info": {
          "package_name": "edu.uncc.hw07"
        }
      },
      "oauth_client": [
        {
          "client_id": "1038284640170-4uqeu73dp8u09ooi63u3q8i3gi52mies.apps.googleusercontent.com",
          "client_type": 3
        }
      ],
      "api_key": [
        {
          "current_key": "AIzaSyBIDkwTCSF5dPJoLoCiQgF-3HEAjD6b7DM"
        }
      ],
      "services": {
        "appinvite_service": {
          "other_platform_oauth_client": [
            {
              "client_id": "1038284640170-4uqeu73dp8u09ooi63u3q8i3gi52mies.apps.googleusercontent.com",
              "client_type": 3
            }
          ]
        }
      }
    }
  ],
  "configuration_version": "1"
}